period,work_order,person,hours,charge_rate,description
202081,9300-3-3,Tim Moreno,26.6,80,AI integration study
202001,9300-3-3,Tim Moreno,14.3,80,updating department budget
202043,9200-2-2,Jennifer Hoffman,7.4,60,AI integration study
202142,9400-4-4,Carolyn Fleming,25.3,50,equipment maintenance
202075,9500-5-5,Samuel Cook,5.5,70,data migration project
202183,9400-4-4,Johnathan Pena,11.1,80,system upgrade implementation
202040,9400-4-4,Darlene Fischer,29.6,60,software development
202159,9300-3-3,Kyle Smith,15.8,60,training new hires
202007,9300-3-3,Carolyn Fleming,15.0,80,equipment maintenance
202012,9300-3-3,Kyle Smith,28.8,80,cybersecurity audit
202166,9100-1-1,Samuel Cook,31.6,60,software development
202133,9500-5-5,Deanna Russell,34.6,70,AI integration study
202090,9400-4-4,Vincent Hunt,18.6,60,updating department budget
202016,9500-5-5,William Hernandez,16.1,100,software development
202022,9400-4-4,Sarah Wilson,4.1,60,updating department budget
202012,9400-4-4,Angel Parsons,5.8,50,software development
202059,9300-3-3,Jessica Garner,23.0,50,data migration project
202152,9200-2-2,Brian Wiggins,18.2,100,equipment maintenance
202082,9400-4-4,Samuel Cook,27.7,80,performance review analysis
202199,9500-5-5,Christopher Gregory,20.9,50,performance review analysis
202147,9100-1-1,Mia Davis,15.2,60,AI integration study
202196,9200-2-2,Abigail Contreras,33.4,100,cybersecurity audit
202194,9300-3-3,Kimberly Russell,34.6,70,software development
202033,9500-5-5,Johnathan Pena,11.5,50,cybersecurity audit
202127,9100-1-1,Angel Parsons,7.3,100,system upgrade implementation
202207,9100-1-1,Christopher Powers,27.8,80,cybersecurity audit
202128,9400-4-4,Michael White,29.0,50,research into teleportation
202116,9500-5-5,Kyle Smith,29.1,100,cybersecurity audit
202195,9300-3-3,Kyle Smith,37.8,100,training new hires
202099,9300-3-3,Christopher Gregory,13.1,80,system upgrade implementation
202172,9500-5-5,Michael White,20.0,60,updating department budget
202117,9200-2-2,Deanna Russell,1.5,80,equipment maintenance
202015,9400-4-4,Angel Parsons,17.7,50,data migration project
202080,9400-4-4,Christopher Gregory,15.5,90,equipment maintenance
202152,9500-5-5,Dennis Hamilton,36.5,80,AI integration study
202205,9300-3-3,John Adams,20.6,100,software development
202121,9200-2-2,William Hernandez,8.4,70,training new hires
202182,9100-1-1,John Allison,9.2,60,software development
202199,9500-5-5,Jennifer Hoffman,1.0,70,data migration project
202027,9500-5-5,Abigail Contreras,22.6,100,performance review analysis
202054,9200-2-2,David Robinson,8.9,80,data migration project
202076,9300-3-3,Angel Parsons,33.3,100,equipment maintenance
202007,9100-1-1,Sarah Wilson,2.3,90,data migration project
202165,9400-4-4,Jessica Garner,1.4,100,AI integration study
202195,9300-3-3,Christina Scott,10.3,80,system upgrade implementation
202060,9400-4-4,Darlene Fischer,11.6,100,updating department budget
202093,9500-5-5,William Hernandez,8.2,80,cybersecurity audit
202047,9500-5-5,Brian Wiggins,11.2,70,data migration project
202104,9100-1-1,William Hernandez,12.2,90,training new hires
202050,9300-3-3,Angel Parsons,2.6,60,performance review analysis
202033,9200-2-2,Abigail Contreras,1.3,100,cybersecurity audit
202149,9300-3-3,Carolyn Fleming,33.1,60,data migration project
202130,9200-2-2,Tim Moreno,31.8,80,research into teleportation
202036,9100-1-1,Vincent Hunt,11.7,80,system upgrade implementation
202152,9400-4-4,Jennifer Sanchez,4.9,70,research into teleportation
202182,9200-2-2,Vincent Hunt,6.5,90,system upgrade implementation
202046,9500-5-5,Samuel Cook,1.2,80,software development
202132,9200-2-2,Deanna Russell,31.6,90,software development
202049,9400-4-4,Teresa Solis,5.3,90,system upgrade implementation
202083,9500-5-5,Samuel Cook,2.5,100,software development
202129,9400-4-4,Michael White,38.3,80,system upgrade implementation
202024,9300-3-3,Karen Gallegos,25.1,90,updating department budget
202166,9300-3-3,Karen Gallegos,13.1,100,cybersecurity audit
202130,9200-2-2,Karen Gallegos,3.5,100,training new hires
202058,9200-2-2,Kimberly Russell,17.8,70,software development
202111,9200-2-2,William Hernandez,17.1,60,data migration project
202121,9200-2-2,Jennifer Hoffman,16.0,50,equipment maintenance
202072,9200-2-2,Johnathan Pena,36.4,100,training new hires
202133,9300-3-3,Dennis Hamilton,13.4,70,cybersecurity audit
202159,9500-5-5,Christopher Gregory,8.4,70,research into teleportation
202085,9100-1-1,Samuel Cook,9.6,50,equipment maintenance
202174,9500-5-5,Mike Shannon,33.8,60,updating department budget
202081,9400-4-4,John Allison,3.8,80,training new hires
202100,9500-5-5,Carolyn Fleming,5.3,90,equipment maintenance
202203,9400-4-4,Mia Davis,38.4,70,cybersecurity audit
202151,9200-2-2,Vincent Hunt,26.1,50,AI integration study
202087,9400-4-4,Angel Parsons,22.8,70,performance review analysis
202120,9300-3-3,Carolyn Fleming,4.0,100,AI integration study
202096,9300-3-3,Brian Wiggins,26.9,80,AI integration study
202198,9400-4-4,David Robinson,20.4,90,performance review analysis
202149,9400-4-4,Christopher Powers,5.7,70,training new hires
202044,9200-2-2,Angel Parsons,30.9,60,system upgrade implementation
202097,9300-3-3,Jennifer Hoffman,32.1,100,cybersecurity audit
202038,9400-4-4,Samuel Cook,16.1,50,performance review analysis
202043,9500-5-5,Kimberly Russell,19.2,80,software development
202058,9400-4-4,Carolyn Fleming,13.4,70,research into teleportation
202115,9400-4-4,Mia Davis,6.7,100,software development
202198,9500-5-5,Teresa Solis,12.0,90,software development
202080,9100-1-1,John Allison,31.3,70,updating department budget
202135,9300-3-3,Mike Shannon,4.5,60,system upgrade implementation
202162,9400-4-4,William Hernandez,12.4,50,training new hires
202209,9400-4-4,Kyle Smith,36.8,100,cybersecurity audit
202181,9200-2-2,Darlene Fischer,5.2,90,equipment maintenance
202204,9300-3-3,Mike Shannon,27.7,100,AI integration study
202184,9400-4-4,Dennis Hamilton,12.1,70,research into teleportation
202034,9100-1-1,John Adams,16.7,70,equipment maintenance
202069,9200-2-2,Jessica Garner,16.8,60,software development
202163,9200-2-2,Karen Gallegos,21.5,60,cybersecurity audit
202190,9300-3-3,Tim Moreno,35.1,80,performance review analysis
202010,9200-2-2,Kimberly Russell,7.2,90,system upgrade implementation
202144,9200-2-2,Jennifer Sanchez,14.4,50,software development
202211,9400-4-4,Jennifer Hoffman,24.1,50,research into teleportation
202062,9500-5-5,Jennifer Sanchez,36.5,60,updating department budget
202069,9500-5-5,Dennis Hamilton,30.7,100,software development
202005,9200-2-2,Tim Moreno,28.2,100,updating department budget
202068,9500-5-5,Jennifer Sanchez,14.6,50,training new hires
202033,9300-3-3,Darlene Fischer,31.5,100,training new hires
202015,9100-1-1,William Hernandez,35.4,60,data migration project
202020,9200-2-2,Deanna Russell,25.1,50,updating department budget
202118,9400-4-4,Dennis Hamilton,23.0,70,data migration project
202047,9500-5-5,Vincent Hunt,35.5,100,software development
202195,9400-4-4,Travis Lewis,25.3,50,performance review analysis
202060,9200-2-2,Samuel Cook,37.1,100,system upgrade implementation
202099,9100-1-1,Kimberly Russell,27.6,60,AI integration study
202129,9200-2-2,Abigail Contreras,12.2,70,equipment maintenance
202158,9500-5-5,John Allison,17.1,80,performance review analysis
202133,9100-1-1,Mia Davis,21.5,100,AI integration study
202166,9200-2-2,Jennifer Sanchez,36.6,100,performance review analysis
202065,9100-1-1,William Hernandez,30.6,90,system upgrade implementation
202209,9200-2-2,Teresa Solis,32.4,70,training new hires
202088,9100-1-1,Abigail Contreras,27.3,70,AI integration study
202032,9500-5-5,Michael White,14.5,90,updating department budget
202150,9200-2-2,Angel Parsons,34.1,50,cybersecurity audit
202207,9300-3-3,Mike Shannon,26.4,60,system upgrade implementation
202052,9400-4-4,John Adams,37.6,60,updating department budget
202120,9400-4-4,John Adams,11.8,60,updating department budget
202067,9100-1-1,Michael White,2.9,80,research into teleportation
202081,9100-1-1,David Robinson,32.0,70,research into teleportation
202019,9100-1-1,Kimberly Russell,1.6,100,equipment maintenance
202140,9200-2-2,Samuel Cook,25.4,50,training new hires
202011,9400-4-4,Johnathan Pena,26.3,70,training new hires
202113,9200-2-2,Jennifer Sanchez,38.1,90,equipment maintenance
202024,9400-4-4,Sarah Wilson,19.7,70,performance review analysis
202063,9100-1-1,Christopher Gregory,9.3,50,software development
202153,9500-5-5,Karen Gallegos,33.9,60,equipment maintenance
202017,9200-2-2,Mia Davis,25.1,90,cybersecurity audit
202038,9300-3-3,Jennifer Sanchez,36.7,80,data migration project
202164,9300-3-3,Sarah Wilson,32.1,70,equipment maintenance
202158,9500-5-5,Carolyn Fleming,13.5,90,research into teleportation
202127,9400-4-4,Travis Lewis,20.3,50,software development
202175,9300-3-3,Teresa Solis,3.3,90,cybersecurity audit
202110,9200-2-2,John Allison,1.4,100,research into teleportation
202152,9200-2-2,William Hernandez,10.8,80,equipment maintenance
202077,9200-2-2,Mike Shannon,12.4,80,research into teleportation
202019,9300-3-3,Samuel Cook,5.5,70,updating department budget
202212,9400-4-4,Dennis Hamilton,3.2,90,AI integration study
202196,9200-2-2,Kyle Smith,31.6,50,AI integration study
202092,9100-1-1,Jennifer Sanchez,10.1,90,software development
202142,9300-3-3,John Adams,1.3,90,equipment maintenance
202071,9100-1-1,Christopher Powers,25.8,80,equipment maintenance
202206,9200-2-2,Christopher Powers,1.9,60,research into teleportation
202080,9400-4-4,Mia Davis,9.3,50,research into teleportation
202163,9200-2-2,Kimberly Russell,35.1,50,AI integration study
202163,9400-4-4,Christina Scott,34.7,80,equipment maintenance
202169,9200-2-2,Vincent Hunt,27.3,90,equipment maintenance
202128,9100-1-1,Mike Shannon,10.7,60,performance review analysis
202191,9200-2-2,Vincent Hunt,30.8,60,AI integration study
202010,9200-2-2,Kyle Smith,3.4,100,system upgrade implementation
202082,9300-3-3,Mike Shannon,31.5,90,AI integration study
202006,9100-1-1,John Adams,4.8,60,AI integration study
202133,9300-3-3,Teresa Solis,39.9,60,performance review analysis
202196,9300-3-3,Brian Wiggins,5.4,60,software development
202026,9500-5-5,Sarah Wilson,16.2,50,research into teleportation
202129,9500-5-5,Vincent Hunt,28.9,50,training new hires
202067,9500-5-5,John Allison,5.5,60,data migration project
202092,9400-4-4,Carolyn Fleming,24.7,100,data migration project
202095,9500-5-5,Samuel Cook,19.6,70,training new hires
202137,9400-4-4,Mike Shannon,33.8,70,cybersecurity audit
202107,9400-4-4,Brian Wiggins,19.6,50,performance review analysis
202196,9300-3-3,Jessica Garner,24.6,80,cybersecurity audit
202121,9200-2-2,Angel Parsons,4.4,80,equipment maintenance
202103,9300-3-3,Kimberly Russell,32.5,80,updating department budget
202029,9400-4-4,Christina Scott,26.0,80,equipment maintenance
202166,9100-1-1,Sarah Wilson,5.9,50,training new hires
202073,9400-4-4,Vincent Hunt,1.8,60,cybersecurity audit
202155,9400-4-4,John Adams,38.5,90,software development
202174,9500-5-5,Darlene Fischer,4.9,70,data migration project
202112,9500-5-5,Teresa Solis,7.3,60,AI integration study
202085,9100-1-1,Jessica Garner,27.0,100,cybersecurity audit
202090,9400-4-4,Jessica Garner,37.9,50,data migration project
202027,9200-2-2,Christopher Powers,30.8,100,system upgrade implementation
202013,9400-4-4,Abigail Contreras,2.0,60,research into teleportation
202163,9300-3-3,Mike Shannon,4.7,60,AI integration study
202028,9500-5-5,Johnathan Pena,32.4,100,cybersecurity audit
202129,9300-3-3,David Robinson,37.6,50,research into teleportation
202040,9100-1-1,Mia Davis,36.0,80,AI integration study
202198,9300-3-3,Jennifer Hoffman,14.1,70,data migration project
202051,9200-2-2,Jessica Garner,5.8,60,training new hires
202062,9100-1-1,Teresa Solis,21.8,60,system upgrade implementation
202207,9100-1-1,Jessica Garner,28.2,50,research into teleportation
202144,9100-1-1,Christopher Powers,16.9,80,software development
202092,9400-4-4,Samuel Cook,18.7,90,AI integration study
202168,9500-5-5,Christopher Powers,10.9,90,equipment maintenance
202010,9300-3-3,Christina Scott,9.5,60,cybersecurity audit
202081,9500-5-5,Darlene Fischer,37.0,100,cybersecurity audit
202094,9100-1-1,Vincent Hunt,8.7,100,AI integration study
202150,9500-5-5,Carolyn Fleming,24.6,90,equipment maintenance
202097,9200-2-2,Sarah Wilson,34.6,80,data migration project
202040,9300-3-3,Samuel Cook,40.0,50,AI integration study
202042,9300-3-3,Kimberly Russell,27.4,50,training new hires
202111,9200-2-2,Jennifer Hoffman,8.3,70,updating department budget
202090,9500-5-5,Jessica Garner,36.2,60,equipment maintenance
202191,9500-5-5,Christopher Powers,26.5,90,software development
202146,9300-3-3,Michael White,5.3,100,AI integration study
202147,9200-2-2,Jessica Garner,19.8,80,training new hires
202109,9100-1-1,John Allison,3.8,80,system upgrade implementation
202118,9300-3-3,Christopher Powers,36.2,80,performance review analysis
202125,9400-4-4,Jennifer Hoffman,32.0,50,updating department budget
202050,9400-4-4,Michael White,20.3,50,system upgrade implementation
202035,9500-5-5,Vincent Hunt,28.1,90,AI integration study
202212,9400-4-4,Johnathan Pena,30.6,90,data migration project
202150,9200-2-2,Abigail Contreras,26.6,60,performance review analysis
202163,9400-4-4,John Adams,32.1,90,equipment maintenance
202133,9100-1-1,Abigail Contreras,21.4,60,equipment maintenance
202113,9300-3-3,John Adams,32.0,60,updating department budget
202067,9500-5-5,Sarah Wilson,37.3,80,performance review analysis
202056,9200-2-2,Christopher Gregory,27.6,50,training new hires
202207,9100-1-1,Brian Wiggins,25.2,70,updating department budget
202174,9300-3-3,Sarah Wilson,37.7,70,updating department budget
202012,9100-1-1,Christopher Powers,39.2,60,software development
202002,9200-2-2,Vincent Hunt,11.8,70,cybersecurity audit
202024,9200-2-2,William Hernandez,10.9,60,research into teleportation
202116,9500-5-5,Vincent Hunt,37.2,80,updating department budget
202004,9100-1-1,Sarah Wilson,33.8,80,system upgrade implementation
202103,9400-4-4,Deanna Russell,8.2,100,system upgrade implementation
202036,9400-4-4,Dennis Hamilton,30.9,70,equipment maintenance
202034,9100-1-1,Brian Wiggins,29.8,50,training new hires
202117,9200-2-2,Tim Moreno,12.5,80,research into teleportation
202167,9100-1-1,Sarah Wilson,28.7,50,updating department budget
202024,9500-5-5,Vincent Hunt,25.1,90,equipment maintenance
202092,9300-3-3,John Allison,4.2,60,updating department budget
202194,9100-1-1,Tim Moreno,37.5,50,performance review analysis
202103,9300-3-3,Travis Lewis,36.5,60,equipment maintenance
202141,9400-4-4,Kimberly Russell,39.0,100,research into teleportation
202185,9200-2-2,Dennis Hamilton,14.6,100,performance review analysis
202008,9200-2-2,Samuel Cook,30.9,70,updating department budget
202109,9100-1-1,William Hernandez,8.3,100,AI integration study
202100,9200-2-2,John Allison,29.8,50,updating department budget
202193,9300-3-3,Angel Parsons,23.3,90,data migration project
202150,9200-2-2,Kimberly Russell,22.8,70,research into teleportation
202153,9300-3-3,Karen Gallegos,26.0,50,data migration project
202088,9500-5-5,Sarah Wilson,27.2,100,system upgrade implementation
202097,9100-1-1,Abigail Contreras,34.3,70,system upgrade implementation
202191,9100-1-1,John Allison,34.1,80,equipment maintenance
202054,9500-5-5,Christopher Powers,32.8,60,training new hires
202183,9200-2-2,Jennifer Hoffman,32.5,60,performance review analysis
202030,9500-5-5,Jennifer Hoffman,33.2,70,AI integration study
202138,9100-1-1,Johnathan Pena,25.2,60,research into teleportation
202038,9300-3-3,Vincent Hunt,6.5,90,performance review analysis
202176,9400-4-4,Kimberly Russell,11.2,90,data migration project
202058,9300-3-3,Abigail Contreras,1.7,50,data migration project
202087,9300-3-3,Dennis Hamilton,29.8,100,system upgrade implementation
202033,9100-1-1,Tim Moreno,32.3,90,system upgrade implementation
202186,9300-3-3,Abigail Contreras,12.2,70,AI integration study
202057,9300-3-3,Karen Gallegos,26.6,50,software development
202086,9400-4-4,Kyle Smith,20.5,80,data migration project
202067,9100-1-1,Christopher Powers,40.0,50,research into teleportation
202160,9500-5-5,Kimberly Russell,26.7,90,updating department budget
202027,9500-5-5,Dennis Hamilton,4.7,70,training new hires
202107,9500-5-5,Abigail Contreras,30.6,90,system upgrade implementation
202147,9200-2-2,Mike Shannon,33.2,70,AI integration study
202040,9200-2-2,Christina Scott,27.4,100,cybersecurity audit
202087,9300-3-3,Sarah Wilson,35.7,80,AI integration study
202164,9500-5-5,Johnathan Pena,4.7,100,research into teleportation
202176,9100-1-1,John Adams,21.0,90,system upgrade implementation
202197,9300-3-3,John Allison,31.9,100,training new hires
202084,9200-2-2,Christopher Gregory,13.0,60,equipment maintenance
202208,9500-5-5,Johnathan Pena,6.1,70,data migration project
202024,9100-1-1,Sarah Wilson,8.1,90,training new hires
202136,9300-3-3,John Allison,12.3,80,software development
202133,9500-5-5,Teresa Solis,25.8,60,software development
202064,9100-1-1,Sarah Wilson,9.3,60,research into teleportation
202064,9400-4-4,Johnathan Pena,28.6,50,data migration project
202018,9300-3-3,Michael White,13.8,70,AI integration study
202096,9200-2-2,Michael White,13.9,100,system upgrade implementation
202179,9400-4-4,Vincent Hunt,16.0,70,equipment maintenance
202009,9100-1-1,Johnathan Pena,24.2,70,research into teleportation
202071,9400-4-4,Jessica Garner,6.7,90,performance review analysis
202001,9400-4-4,Teresa Solis,29.0,50,equipment maintenance
202164,9500-5-5,Angel Parsons,24.2,70,research into teleportation
202101,9300-3-3,Christopher Gregory,7.5,60,equipment maintenance
202019,9100-1-1,Darlene Fischer,24.1,60,equipment maintenance
202003,9100-1-1,Jennifer Sanchez,8.1,70,equipment maintenance
202128,9300-3-3,John Adams,17.2,60,updating department budget
202071,9300-3-3,Christina Scott,29.1,70,software development
202058,9200-2-2,John Adams,37.7,50,performance review analysis
202085,9200-2-2,Mike Shannon,20.8,70,equipment maintenance
202150,9500-5-5,David Robinson,13.7,70,software development
202027,9100-1-1,Sarah Wilson,11.6,50,updating department budget
202168,9200-2-2,Carolyn Fleming,16.7,80,performance review analysis
202127,9400-4-4,John Adams,37.9,100,software development
202167,9300-3-3,Mike Shannon,38.2,50,software development
202150,9500-5-5,Michael White,31.2,80,equipment maintenance
202076,9300-3-3,Mia Davis,39.3,80,system upgrade implementation
202097,9300-3-3,John Adams,19.0,80,cybersecurity audit
202098,9200-2-2,Jennifer Sanchez,19.7,80,data migration project
202044,9100-1-1,Johnathan Pena,2.5,100,software development
202072,9200-2-2,John Adams,9.6,100,training new hires
202160,9100-1-1,Sarah Wilson,13.9,50,data migration project
202158,9400-4-4,Darlene Fischer,33.2,80,system upgrade implementation
202050,9400-4-4,Kyle Smith,9.3,70,cybersecurity audit
202125,9100-1-1,John Adams,29.2,100,research into teleportation
202118,9500-5-5,Kyle Smith,4.3,90,performance review analysis
202060,9300-3-3,Christina Scott,11.9,70,AI integration study
202054,9300-3-3,Mia Davis,22.3,50,system upgrade implementation
202209,9200-2-2,John Allison,28.0,50,system upgrade implementation
202005,9100-1-1,Brian Wiggins,8.5,60,data migration project
202212,9300-3-3,Christopher Gregory,15.8,60,AI integration study
202042,9300-3-3,Johnathan Pena,33.8,50,updating department budget
202150,9500-5-5,Christopher Powers,27.0,70,AI integration study
202129,9500-5-5,Jennifer Sanchez,32.3,70,equipment maintenance
202183,9100-1-1,Carolyn Fleming,5.4,100,equipment maintenance
202150,9500-5-5,Travis Lewis,36.4,60,data migration project
202189,9300-3-3,Dennis Hamilton,1.5,80,cybersecurity audit
202132,9500-5-5,Mia Davis,29.0,80,updating department budget
202114,9500-5-5,Karen Gallegos,26.2,80,software development
202133,9400-4-4,Sarah Wilson,27.3,100,system upgrade implementation
202150,9500-5-5,Sarah Wilson,38.7,90,performance review analysis
202207,9100-1-1,Christopher Gregory,11.9,50,AI integration study
202168,9300-3-3,Abigail Contreras,39.7,90,research into teleportation
202206,9500-5-5,Tim Moreno,3.5,70,data migration project
202001,9100-1-1,Kimberly Russell,20.2,60,research into teleportation
202118,9100-1-1,Brian Wiggins,22.0,100,system upgrade implementation
202125,9100-1-1,Johnathan Pena,15.4,90,software development
202144,9100-1-1,Darlene Fischer,4.2,100,equipment maintenance
202063,9300-3-3,Dennis Hamilton,7.0,80,software development
202059,9200-2-2,Carolyn Fleming,36.4,80,software development
202209,9400-4-4,Karen Gallegos,26.0,80,updating department budget
202180,9300-3-3,Carolyn Fleming,32.6,90,updating department budget
202124,9100-1-1,Carolyn Fleming,33.9,90,system upgrade implementation
202195,9200-2-2,Michael White,23.3,50,AI integration study
202089,9100-1-1,Mia Davis,12.9,100,AI integration study
202073,9300-3-3,Mike Shannon,16.2,50,equipment maintenance
202083,9500-5-5,Deanna Russell,10.5,50,updating department budget
202111,9400-4-4,Jennifer Sanchez,22.7,70,system upgrade implementation
202165,9500-5-5,David Robinson,31.5,60,system upgrade implementation
202189,9200-2-2,Deanna Russell,31.8,80,cybersecurity audit
202007,9400-4-4,Kyle Smith,32.1,100,research into teleportation
202022,9100-1-1,Angel Parsons,21.7,100,AI integration study
202002,9100-1-1,William Hernandez,19.5,100,AI integration study
202029,9300-3-3,John Adams,39.3,100,AI integration study
202137,9300-3-3,Kimberly Russell,16.3,60,training new hires
202178,9400-4-4,John Adams,15.5,50,system upgrade implementation
202206,9500-5-5,Michael White,8.2,80,research into teleportation
202015,9100-1-1,Carolyn Fleming,4.2,50,system upgrade implementation
202139,9200-2-2,John Allison,26.7,80,system upgrade implementation
202132,9400-4-4,Christina Scott,24.4,80,cybersecurity audit
202153,9500-5-5,Christopher Powers,35.2,80,AI integration study
202044,9300-3-3,David Robinson,24.5,60,AI integration study
202098,9500-5-5,Michael White,5.7,100,cybersecurity audit
202156,9500-5-5,Jessica Garner,18.9,90,performance review analysis
202075,9300-3-3,Travis Lewis,25.5,60,training new hires
202211,9200-2-2,Christina Scott,1.2,70,performance review analysis
202034,9100-1-1,Jessica Garner,26.7,100,equipment maintenance
202195,9300-3-3,Carolyn Fleming,13.5,100,equipment maintenance
202111,9100-1-1,Travis Lewis,26.6,90,cybersecurity audit
202120,9300-3-3,Samuel Cook,30.5,90,performance review analysis
202009,9200-2-2,Angel Parsons,1.1,60,AI integration study
202003,9500-5-5,John Allison,35.2,100,cybersecurity audit
202114,9300-3-3,Mia Davis,2.9,90,system upgrade implementation
202194,9400-4-4,Kimberly Russell,15.5,50,training new hires
202134,9100-1-1,Jennifer Sanchez,24.1,80,research into teleportation
202107,9200-2-2,Darlene Fischer,38.9,80,cybersecurity audit
202171,9300-3-3,Christopher Gregory,19.8,90,training new hires
202089,9400-4-4,Vincent Hunt,25.2,90,data migration project
202197,9200-2-2,Mia Davis,16.3,80,cybersecurity audit
202142,9500-5-5,Christopher Powers,5.8,60,data migration project
202160,9500-5-5,Christopher Powers,8.8,100,updating department budget
202034,9500-5-5,Abigail Contreras,17.1,80,data migration project
202098,9100-1-1,Kyle Smith,34.4,70,software development
202181,9300-3-3,Deanna Russell,15.4,80,training new hires
202193,9200-2-2,Mike Shannon,16.9,70,AI integration study
202035,9300-3-3,Dennis Hamilton,37.5,60,system upgrade implementation
202157,9400-4-4,Vincent Hunt,32.8,100,software development
202151,9400-4-4,Christina Scott,8.8,80,training new hires
202162,9300-3-3,Karen Gallegos,16.7,90,equipment maintenance
202008,9200-2-2,Tim Moreno,13.2,100,data migration project
202081,9100-1-1,Carolyn Fleming,16.1,70,system upgrade implementation
202120,9300-3-3,John Allison,5.7,70,performance review analysis
202150,9500-5-5,Mike Shannon,29.9,60,AI integration study
202179,9200-2-2,Deanna Russell,9.1,80,system upgrade implementation
202158,9500-5-5,John Adams,16.1,70,training new hires
202152,9100-1-1,Teresa Solis,29.1,60,performance review analysis
202070,9300-3-3,Angel Parsons,9.6,90,equipment maintenance
202002,9400-4-4,John Adams,27.9,80,updating department budget
202051,9200-2-2,Sarah Wilson,10.1,70,equipment maintenance
202020,9200-2-2,Abigail Contreras,13.2,90,updating department budget
202138,9400-4-4,Samuel Cook,17.4,80,cybersecurity audit
202055,9400-4-4,Kyle Smith,22.1,60,data migration project
202136,9300-3-3,Johnathan Pena,37.7,50,equipment maintenance
202005,9500-5-5,Mia Davis,35.2,60,equipment maintenance
202072,9300-3-3,John Allison,30.2,80,cybersecurity audit
202211,9500-5-5,William Hernandez,25.8,50,equipment maintenance
202116,9400-4-4,John Adams,37.4,90,performance review analysis
202057,9200-2-2,Samuel Cook,12.6,100,performance review analysis
202062,9500-5-5,Jennifer Sanchez,23.3,70,equipment maintenance
202132,9300-3-3,Karen Gallegos,13.9,50,AI integration study
202075,9300-3-3,Karen Gallegos,8.8,70,software development
202187,9100-1-1,Michael White,13.7,80,updating department budget
202188,9400-4-4,John Allison,19.6,100,system upgrade implementation
202163,9500-5-5,Angel Parsons,15.2,50,data migration project
202126,9400-4-4,David Robinson,18.7,50,cybersecurity audit
202136,9200-2-2,William Hernandez,33.6,80,AI integration study
202187,9100-1-1,Mia Davis,33.9,80,equipment maintenance
202025,9500-5-5,Jennifer Sanchez,4.0,100,system upgrade implementation
202076,9400-4-4,John Adams,12.7,80,training new hires
202042,9500-5-5,Sarah Wilson,16.0,90,research into teleportation
202006,9400-4-4,John Adams,36.1,80,data migration project
202042,9500-5-5,Johnathan Pena,24.6,100,system upgrade implementation
202145,9300-3-3,Carolyn Fleming,26.5,60,updating department budget
202177,9100-1-1,Deanna Russell,14.7,60,equipment maintenance
202109,9500-5-5,Michael White,22.6,60,AI integration study
202013,9500-5-5,Dennis Hamilton,10.9,50,updating department budget
202061,9500-5-5,Deanna Russell,17.1,90,data migration project
202175,9500-5-5,Kimberly Russell,4.3,70,equipment maintenance
202055,9100-1-1,Sarah Wilson,30.6,100,cybersecurity audit
202171,9200-2-2,Samuel Cook,38.4,70,software development
202148,9100-1-1,Darlene Fischer,30.8,60,training new hires
202045,9400-4-4,Sarah Wilson,17.3,90,data migration project
202001,9100-1-1,John Adams,13.7,100,system upgrade implementation
202125,9200-2-2,Christina Scott,24.5,60,research into teleportation
202167,9400-4-4,Darlene Fischer,18.1,80,AI integration study
202067,9300-3-3,Teresa Solis,17.0,50,performance review analysis
202191,9400-4-4,Karen Gallegos,35.3,80,AI integration study
202150,9300-3-3,Kyle Smith,11.5,60,training new hires
202132,9200-2-2,Sarah Wilson,7.1,60,AI integration study
202183,9500-5-5,Angel Parsons,32.2,100,updating department budget
202072,9200-2-2,Sarah Wilson,37.9,90,research into teleportation
202152,9300-3-3,Jennifer Hoffman,16.2,90,equipment maintenance
202111,9300-3-3,Darlene Fischer,34.6,70,system upgrade implementation
202178,9300-3-3,Christina Scott,3.3,50,updating department budget
202086,9500-5-5,Darlene Fischer,28.9,60,software development
202207,9400-4-4,Jennifer Sanchez,14.6,70,AI integration study
202204,9100-1-1,Mia Davis,35.4,70,system upgrade implementation
202212,9200-2-2,Johnathan Pena,34.8,80,equipment maintenance
202130,9500-5-5,John Adams,13.2,60,system upgrade implementation
202195,9300-3-3,Teresa Solis,28.8,60,performance review analysis
202142,9400-4-4,Michael White,3.7,60,research into teleportation
202120,9500-5-5,Vincent Hunt,32.6,90,training new hires
202189,9400-4-4,Brian Wiggins,1.7,100,cybersecurity audit
202135,9500-5-5,Darlene Fischer,6.4,60,system upgrade implementation
202160,9100-1-1,Jennifer Hoffman,10.3,100,data migration project
202011,9400-4-4,Kimberly Russell,3.8,70,AI integration study
202155,9300-3-3,Teresa Solis,24.7,70,training new hires
202148,9400-4-4,Mike Shannon,11.7,50,cybersecurity audit
202045,9200-2-2,Angel Parsons,15.6,50,research into teleportation
202186,9100-1-1,Kimberly Russell,7.9,90,system upgrade implementation
202020,9300-3-3,Christina Scott,6.8,50,training new hires
202026,9500-5-5,Mike Shannon,19.0,100,software development
202203,9100-1-1,Mia Davis,20.5,60,system upgrade implementation
202067,9200-2-2,Mia Davis,11.4,60,performance review analysis
202199,9200-2-2,Jennifer Hoffman,2.0,60,cybersecurity audit
202089,9500-5-5,Christopher Powers,1.3,50,system upgrade implementation
202013,9400-4-4,Tim Moreno,23.7,80,data migration project
202061,9400-4-4,Dennis Hamilton,8.7,90,cybersecurity audit
202049,9200-2-2,Christopher Gregory,8.6,100,performance review analysis
202141,9500-5-5,Brian Wiggins,34.5,80,system upgrade implementation
202153,9300-3-3,Jennifer Hoffman,29.2,80,cybersecurity audit
202045,9400-4-4,Darlene Fischer,29.1,60,updating department budget
202014,9100-1-1,Christina Scott,23.7,60,research into teleportation
202208,9500-5-5,Teresa Solis,34.2,80,software development
202164,9100-1-1,Kyle Smith,37.8,50,research into teleportation
202188,9400-4-4,Kimberly Russell,12.6,80,updating department budget
202026,9100-1-1,William Hernandez,12.3,100,system upgrade implementation
202139,9100-1-1,Carolyn Fleming,31.5,90,software development
202145,9500-5-5,Christopher Gregory,2.3,50,research into teleportation
202199,9500-5-5,Kimberly Russell,11.4,100,equipment maintenance
202168,9100-1-1,Darlene Fischer,32.9,70,training new hires
202155,9500-5-5,Kimberly Russell,2.9,60,system upgrade implementation
202112,9500-5-5,Jennifer Sanchez,17.1,90,performance review analysis
202078,9200-2-2,Michael White,29.0,50,training new hires
202143,9500-5-5,Abigail Contreras,35.1,80,data migration project
202189,9300-3-3,Jennifer Hoffman,31.6,70,research into teleportation
202101,9300-3-3,Darlene Fischer,8.0,80,system upgrade implementation
202021,9400-4-4,Christopher Powers,27.0,80,performance review analysis
202145,9300-3-3,William Hernandez,29.6,60,performance review analysis
202189,9100-1-1,Brian Wiggins,26.9,100,system upgrade implementation
202091,9300-3-3,Jennifer Hoffman,35.6,90,research into teleportation
202146,9300-3-3,Sarah Wilson,19.9,80,equipment maintenance
202071,9400-4-4,Johnathan Pena,25.3,60,performance review analysis
202092,9400-4-4,Abigail Contreras,2.6,80,performance review analysis
202001,9100-1-1,Karen Gallegos,7.6,80,equipment maintenance
202130,9400-4-4,Darlene Fischer,19.3,60,system upgrade implementation
202040,9300-3-3,Abigail Contreras,13.0,100,performance review analysis
202051,9200-2-2,Tim Moreno,19.9,50,software development
202057,9200-2-2,Samuel Cook,22.2,60,equipment maintenance
202138,9500-5-5,William Hernandez,37.5,60,research into teleportation
202114,9400-4-4,Jennifer Hoffman,11.2,80,updating department budget
202041,9400-4-4,Christina Scott,22.3,50,research into teleportation
202012,9500-5-5,Samuel Cook,31.8,100,AI integration study
202065,9300-3-3,Tim Moreno,23.0,100,training new hires
202097,9100-1-1,Darlene Fischer,15.0,90,data migration project
202119,9100-1-1,Jessica Garner,31.0,70,data migration project
202024,9300-3-3,Karen Gallegos,36.8,80,software development
202092,9200-2-2,David Robinson,3.9,70,cybersecurity audit
202120,9500-5-5,Sarah Wilson,36.7,80,equipment maintenance
202131,9500-5-5,Jennifer Hoffman,11.8,50,equipment maintenance
202075,9300-3-3,Dennis Hamilton,31.2,80,training new hires
202092,9200-2-2,Angel Parsons,7.3,50,performance review analysis
202077,9300-3-3,Michael White,11.2,80,updating department budget
202207,9500-5-5,Kyle Smith,17.9,90,data migration project
202147,9500-5-5,Christina Scott,39.4,60,updating department budget
202136,9200-2-2,Sarah Wilson,38.1,90,research into teleportation
202021,9200-2-2,Karen Gallegos,21.9,80,data migration project
202004,9100-1-1,Abigail Contreras,23.5,50,system upgrade implementation
202211,9500-5-5,Sarah Wilson,18.1,50,system upgrade implementation
202064,9100-1-1,Angel Parsons,32.6,90,updating department budget
202211,9300-3-3,Travis Lewis,15.5,80,AI integration study
202022,9500-5-5,Jennifer Hoffman,39.3,100,equipment maintenance
202157,9100-1-1,Angel Parsons,16.6,50,data migration project
202006,9200-2-2,Teresa Solis,35.8,60,training new hires
202180,9500-5-5,Brian Wiggins,5.1,90,research into teleportation
202171,9300-3-3,Carolyn Fleming,26.9,50,data migration project
202100,9500-5-5,John Adams,20.9,100,training new hires
202200,9500-5-5,Karen Gallegos,29.6,80,software development
202070,9200-2-2,John Allison,39.1,90,software development
202106,9400-4-4,Johnathan Pena,1.3,100,data migration project
202125,9200-2-2,Brian Wiggins,32.7,50,AI integration study
202124,9200-2-2,Jessica Garner,1.5,80,cybersecurity audit
202109,9200-2-2,Kyle Smith,37.1,100,equipment maintenance
202031,9400-4-4,Angel Parsons,19.4,80,equipment maintenance
202136,9500-5-5,Brian Wiggins,3.7,60,data migration project
202178,9400-4-4,David Robinson,7.6,90,cybersecurity audit
202132,9400-4-4,Carolyn Fleming,9.9,100,performance review analysis
202097,9200-2-2,Sarah Wilson,19.0,60,cybersecurity audit
202099,9400-4-4,Johnathan Pena,2.3,100,AI integration study
202070,9400-4-4,John Adams,36.6,90,research into teleportation
202096,9200-2-2,Brian Wiggins,9.7,80,updating department budget
202067,9200-2-2,Karen Gallegos,14.4,100,system upgrade implementation
202003,9200-2-2,Darlene Fischer,12.6,60,updating department budget
202138,9100-1-1,Karen Gallegos,5.0,50,training new hires
202135,9400-4-4,Kimberly Russell,3.7,60,system upgrade implementation
202084,9500-5-5,Sarah Wilson,29.9,70,AI integration study
202126,9400-4-4,Johnathan Pena,4.1,70,performance review analysis
202114,9400-4-4,Darlene Fischer,26.6,70,performance review analysis
202034,9200-2-2,David Robinson,23.4,90,software development
202120,9300-3-3,Vincent Hunt,14.3,100,updating department budget
202119,9200-2-2,Tim Moreno,6.4,90,updating department budget
202170,9100-1-1,Christopher Powers,16.2,50,software development
202172,9400-4-4,Jennifer Sanchez,33.1,90,AI integration study
202003,9100-1-1,Carolyn Fleming,38.7,100,AI integration study
202038,9300-3-3,Deanna Russell,20.7,60,software development
202113,9400-4-4,Johnathan Pena,7.1,70,software development
202126,9400-4-4,David Robinson,16.9,100,research into teleportation
202142,9100-1-1,Brian Wiggins,27.7,50,AI integration study
202141,9100-1-1,Jessica Garner,32.7,50,cybersecurity audit
202022,9500-5-5,John Adams,4.9,90,system upgrade implementation
202112,9200-2-2,John Adams,24.5,80,software development
202146,9200-2-2,Angel Parsons,27.5,100,research into teleportation
202067,9200-2-2,John Allison,25.5,70,data migration project
202209,9500-5-5,Jennifer Hoffman,16.7,100,research into teleportation
202049,9200-2-2,Christopher Gregory,19.5,60,AI integration study
202113,9400-4-4,Teresa Solis,25.4,70,equipment maintenance
202205,9500-5-5,David Robinson,7.5,60,research into teleportation
202131,9300-3-3,Vincent Hunt,22.3,90,training new hires
202165,9300-3-3,Vincent Hunt,14.4,90,research into teleportation
202156,9500-5-5,Jennifer Sanchez,6.9,80,performance review analysis
202067,9300-3-3,John Allison,9.6,90,updating department budget
202106,9500-5-5,Brian Wiggins,25.4,80,research into teleportation
202070,9500-5-5,Mia Davis,38.2,60,system upgrade implementation
202098,9500-5-5,Darlene Fischer,36.0,100,updating department budget
202169,9500-5-5,Vincent Hunt,32.2,100,updating department budget
202026,9500-5-5,Samuel Cook,3.9,90,AI integration study
202203,9300-3-3,Tim Moreno,24.2,80,cybersecurity audit
202045,9200-2-2,Samuel Cook,14.1,80,research into teleportation
202054,9500-5-5,Johnathan Pena,10.8,80,data migration project
202167,9400-4-4,Michael White,1.2,70,updating department budget
202045,9300-3-3,Abigail Contreras,13.6,100,equipment maintenance
202068,9100-1-1,Carolyn Fleming,13.1,100,system upgrade implementation
202034,9400-4-4,Mia Davis,19.5,90,equipment maintenance
202097,9500-5-5,Angel Parsons,6.8,60,cybersecurity audit
202136,9400-4-4,Mike Shannon,26.8,90,training new hires
202206,9500-5-5,Teresa Solis,28.3,80,updating department budget
202044,9100-1-1,Samuel Cook,30.8,90,software development
202204,9300-3-3,Jessica Garner,8.3,60,training new hires
202165,9500-5-5,Deanna Russell,3.8,90,updating department budget
202183,9300-3-3,Christina Scott,31.4,50,system upgrade implementation
202123,9300-3-3,Brian Wiggins,20.0,60,software development
202102,9300-3-3,Tim Moreno,17.7,70,software development
202141,9200-2-2,Michael White,21.2,60,training new hires
202063,9400-4-4,Angel Parsons,6.4,60,software development
202083,9200-2-2,Brian Wiggins,6.7,80,data migration project
202071,9100-1-1,Christina Scott,14.5,60,training new hires
202163,9200-2-2,Dennis Hamilton,25.5,80,performance review analysis
202115,9300-3-3,Angel Parsons,35.2,50,software development
202111,9100-1-1,Vincent Hunt,4.2,60,performance review analysis
202117,9500-5-5,Darlene Fischer,39.0,50,system upgrade implementation
202092,9200-2-2,Abigail Contreras,21.0,90,cybersecurity audit
202040,9500-5-5,John Allison,1.9,70,AI integration study
202077,9500-5-5,Dennis Hamilton,12.7,70,research into teleportation
202056,9200-2-2,Jessica Garner,25.5,60,training new hires
202114,9200-2-2,Jessica Garner,12.9,80,updating department budget
202013,9500-5-5,Deanna Russell,2.7,90,equipment maintenance
202156,9500-5-5,Deanna Russell,38.2,50,research into teleportation
202206,9400-4-4,Kimberly Russell,36.5,80,updating department budget
202044,9300-3-3,Abigail Contreras,4.8,100,cybersecurity audit
202063,9200-2-2,Dennis Hamilton,1.7,100,software development
202070,9200-2-2,Samuel Cook,16.9,50,system upgrade implementation
202053,9200-2-2,Travis Lewis,20.5,70,training new hires
202025,9300-3-3,Angel Parsons,20.4,100,cybersecurity audit
202016,9400-4-4,Carolyn Fleming,11.0,80,software development
202032,9400-4-4,Mike Shannon,2.4,70,equipment maintenance
202133,9400-4-4,Karen Gallegos,5.8,60,AI integration study
202061,9400-4-4,Karen Gallegos,37.2,80,AI integration study
202047,9100-1-1,Mia Davis,30.7,50,research into teleportation
202043,9300-3-3,Dennis Hamilton,28.4,80,performance review analysis
202020,9300-3-3,Brian Wiggins,28.1,70,AI integration study
202171,9300-3-3,Kimberly Russell,16.2,50,AI integration study
202144,9500-5-5,Christopher Powers,3.5,70,AI integration study
202144,9400-4-4,Mike Shannon,37.8,70,system upgrade implementation
202161,9100-1-1,Christopher Gregory,31.4,80,training new hires
202016,9400-4-4,Abigail Contreras,1.1,60,system upgrade implementation
202180,9400-4-4,John Allison,4.6,60,AI integration study
202037,9400-4-4,Samuel Cook,35.1,80,cybersecurity audit
202139,9100-1-1,Johnathan Pena,21.3,60,software development
202120,9200-2-2,Dennis Hamilton,4.2,90,updating department budget
202033,9500-5-5,Teresa Solis,24.4,70,system upgrade implementation
202079,9100-1-1,Jennifer Hoffman,27.6,80,research into teleportation
202158,9100-1-1,Michael White,6.5,90,updating department budget
202175,9100-1-1,Teresa Solis,1.6,50,equipment maintenance
202128,9200-2-2,William Hernandez,25.4,60,cybersecurity audit
202061,9200-2-2,Dennis Hamilton,16.9,70,updating department budget
202060,9100-1-1,Travis Lewis,36.4,100,AI integration study
202099,9100-1-1,Mike Shannon,14.3,50,cybersecurity audit
202039,9100-1-1,William Hernandez,33.6,70,software development
202053,9500-5-5,Johnathan Pena,30.8,80,training new hires
202068,9100-1-1,Kyle Smith,14.6,50,system upgrade implementation
202153,9300-3-3,Christopher Powers,29.8,90,system upgrade implementation
202100,9500-5-5,Sarah Wilson,39.9,100,equipment maintenance
202043,9300-3-3,Samuel Cook,26.3,60,system upgrade implementation
202048,9500-5-5,Mia Davis,14.0,90,performance review analysis
202131,9300-3-3,Carolyn Fleming,1.2,50,performance review analysis
202017,9400-4-4,Angel Parsons,28.6,80,data migration project
202206,9100-1-1,Jessica Garner,12.6,100,system upgrade implementation
202006,9200-2-2,Darlene Fischer,37.5,50,cybersecurity audit
202108,9200-2-2,Brian Wiggins,3.5,90,data migration project
202077,9300-3-3,Johnathan Pena,32.5,100,cybersecurity audit
202030,9500-5-5,John Adams,35.2,90,data migration project
202151,9400-4-4,Deanna Russell,10.7,50,performance review analysis
202144,9200-2-2,Darlene Fischer,9.5,50,AI integration study
202112,9100-1-1,Tim Moreno,4.4,90,updating department budget
202138,9300-3-3,Karen Gallegos,19.4,100,training new hires
202076,9200-2-2,Dennis Hamilton,32.2,70,research into teleportation
202108,9400-4-4,Kimberly Russell,5.6,60,updating department budget
202083,9400-4-4,Angel Parsons,4.7,90,software development
202093,9400-4-4,John Allison,38.9,70,AI integration study
202112,9200-2-2,Mia Davis,17.2,80,system upgrade implementation
202029,9100-1-1,Deanna Russell,33.2,80,system upgrade implementation
202077,9500-5-5,Jennifer Hoffman,37.0,90,cybersecurity audit
202134,9100-1-1,Sarah Wilson,29.0,100,research into teleportation
202167,9500-5-5,Brian Wiggins,9.8,70,updating department budget
202071,9300-3-3,Sarah Wilson,23.1,80,performance review analysis
202102,9500-5-5,Christopher Powers,3.1,60,training new hires
202193,9400-4-4,Christina Scott,2.7,90,research into teleportation
202015,9500-5-5,Samuel Cook,34.9,60,cybersecurity audit
202090,9300-3-3,Mia Davis,19.0,70,research into teleportation
202121,9500-5-5,Christopher Powers,37.8,80,cybersecurity audit
202126,9500-5-5,David Robinson,2.1,60,cybersecurity audit
202069,9100-1-1,Jennifer Sanchez,3.0,50,performance review analysis
202119,9100-1-1,Jennifer Sanchez,15.9,60,equipment maintenance
202003,9400-4-4,David Robinson,16.0,60,cybersecurity audit
202029,9500-5-5,Jennifer Sanchez,10.2,100,system upgrade implementation
202104,9500-5-5,Abigail Contreras,12.3,60,training new hires
202008,9400-4-4,Mia Davis,8.0,100,software development
202070,9100-1-1,Dennis Hamilton,20.4,60,software development
202030,9300-3-3,John Adams,30.8,90,software development
202006,9400-4-4,William Hernandez,11.8,100,equipment maintenance
202032,9100-1-1,David Robinson,24.3,60,performance review analysis
202040,9200-2-2,Dennis Hamilton,6.1,60,data migration project
202163,9300-3-3,Jessica Garner,32.9,60,training new hires
202025,9200-2-2,Angel Parsons,36.1,70,software development
202008,9300-3-3,Johnathan Pena,20.5,50,data migration project
202193,9400-4-4,Mike Shannon,15.4,100,equipment maintenance
202064,9200-2-2,Vincent Hunt,38.6,70,software development
202189,9300-3-3,Vincent Hunt,30.0,100,performance review analysis
202183,9200-2-2,John Allison,6.3,90,AI integration study
202151,9500-5-5,Christina Scott,4.2,60,performance review analysis
202157,9200-2-2,Teresa Solis,14.6,60,performance review analysis
202063,9100-1-1,Christopher Gregory,23.4,60,cybersecurity audit
202104,9200-2-2,Deanna Russell,39.6,70,data migration project
202038,9300-3-3,John Allison,25.4,100,research into teleportation
202211,9200-2-2,William Hernandez,35.1,80,updating department budget
202019,9100-1-1,Christopher Gregory,15.4,90,cybersecurity audit
202075,9200-2-2,Darlene Fischer,13.9,100,updating department budget
202172,9500-5-5,Kyle Smith,1.7,50,AI integration study
202087,9300-3-3,Dennis Hamilton,33.2,90,performance review analysis
202143,9200-2-2,John Allison,30.7,50,equipment maintenance
202114,9200-2-2,Travis Lewis,6.6,70,research into teleportation
202179,9200-2-2,Travis Lewis,35.6,80,training new hires
202036,9100-1-1,Jennifer Sanchez,14.6,80,research into teleportation
202205,9400-4-4,Christopher Powers,35.1,60,software development
202048,9500-5-5,Mia Davis,6.9,60,research into teleportation
202137,9300-3-3,Carolyn Fleming,17.5,50,updating department budget
202201,9300-3-3,Jennifer Hoffman,24.8,80,cybersecurity audit
202010,9400-4-4,Carolyn Fleming,36.8,50,research into teleportation
202014,9200-2-2,Brian Wiggins,32.6,80,updating department budget
202138,9100-1-1,Johnathan Pena,22.3,60,cybersecurity audit
202059,9300-3-3,John Adams,25.5,50,equipment maintenance
202006,9500-5-5,Dennis Hamilton,36.9,50,training new hires
202061,9300-3-3,Samuel Cook,16.3,60,system upgrade implementation
202001,9300-3-3,Jennifer Sanchez,7.7,100,system upgrade implementation
202023,9300-3-3,Christopher Gregory,36.2,50,cybersecurity audit
202183,9100-1-1,Abigail Contreras,25.8,90,system upgrade implementation
202027,9100-1-1,Michael White,9.7,100,research into teleportation
202095,9500-5-5,Michael White,7.1,100,software development
202064,9100-1-1,Johnathan Pena,26.7,60,software development
202030,9500-5-5,Jennifer Hoffman,11.7,100,performance review analysis
202112,9400-4-4,William Hernandez,13.9,60,updating department budget
202187,9400-4-4,Brian Wiggins,15.7,90,performance review analysis
202126,9200-2-2,Deanna Russell,18.7,90,data migration project
202004,9400-4-4,Teresa Solis,10.2,100,performance review analysis
202060,9200-2-2,Jessica Garner,22.9,100,data migration project
202012,9300-3-3,Christopher Gregory,18.4,70,performance review analysis
202073,9100-1-1,Samuel Cook,28.4,60,data migration project
202194,9300-3-3,Travis Lewis,3.7,70,cybersecurity audit
202050,9200-2-2,Jennifer Sanchez,36.2,80,AI integration study
202155,9200-2-2,Christina Scott,35.9,50,research into teleportation
202188,9300-3-3,John Allison,3.5,100,performance review analysis
202122,9500-5-5,Samuel Cook,12.1,60,performance review analysis
202133,9100-1-1,Kyle Smith,22.6,50,AI integration study
202109,9400-4-4,Jennifer Sanchez,14.0,90,updating department budget
202128,9100-1-1,Samuel Cook,36.9,80,equipment maintenance
202166,9500-5-5,Johnathan Pena,20.1,100,system upgrade implementation
202169,9100-1-1,Vincent Hunt,3.9,60,cybersecurity audit
202003,9300-3-3,Johnathan Pena,35.0,90,performance review analysis
202088,9200-2-2,Mia Davis,28.7,50,performance review analysis
202111,9500-5-5,Brian Wiggins,6.5,50,research into teleportation
202112,9200-2-2,William Hernandez,36.6,90,system upgrade implementation
202123,9400-4-4,Christina Scott,11.9,80,research into teleportation
202018,9400-4-4,Brian Wiggins,31.5,100,AI integration study
202077,9200-2-2,Jennifer Hoffman,3.0,60,training new hires
202077,9100-1-1,Johnathan Pena,34.7,60,cybersecurity audit
202032,9300-3-3,Tim Moreno,17.4,50,software development
202079,9500-5-5,John Allison,37.6,80,updating department budget
202127,9200-2-2,Christina Scott,1.2,70,AI integration study
202092,9200-2-2,Kimberly Russell,9.3,80,data migration project
202102,9200-2-2,John Allison,17.2,50,AI integration study
202180,9400-4-4,Christopher Powers,5.1,100,system upgrade implementation
202115,9200-2-2,Christopher Powers,32.9,80,system upgrade implementation
202205,9100-1-1,Jennifer Sanchez,2.9,70,AI integration study
202156,9500-5-5,Sarah Wilson,8.5,60,cybersecurity audit
202151,9400-4-4,John Allison,4.7,50,training new hires
202074,9400-4-4,Darlene Fischer,3.0,100,system upgrade implementation
202115,9400-4-4,Jennifer Sanchez,36.8,80,software development
202170,9300-3-3,Jessica Garner,19.6,90,AI integration study
202155,9200-2-2,Jennifer Sanchez,16.4,100,AI integration study
202140,9300-3-3,Michael White,21.8,70,training new hires
202138,9300-3-3,Carolyn Fleming,17.9,80,research into teleportation
202101,9300-3-3,Jennifer Hoffman,37.0,50,software development
202095,9400-4-4,Sarah Wilson,23.8,100,cybersecurity audit
202114,9400-4-4,Kimberly Russell,11.8,60,system upgrade implementation
202178,9500-5-5,Kyle Smith,22.9,60,performance review analysis
202128,9200-2-2,Travis Lewis,33.1,90,training new hires
202170,9100-1-1,Sarah Wilson,15.4,70,training new hires
202105,9100-1-1,Darlene Fischer,18.1,80,equipment maintenance
202053,9100-1-1,Vincent Hunt,21.3,100,equipment maintenance
202045,9100-1-1,Kyle Smith,24.3,90,system upgrade implementation
202207,9200-2-2,Kimberly Russell,14.4,50,system upgrade implementation
202012,9400-4-4,Deanna Russell,14.3,50,cybersecurity audit
202094,9400-4-4,Brian Wiggins,9.2,70,research into teleportation
202201,9400-4-4,Teresa Solis,1.2,50,performance review analysis
202150,9400-4-4,Angel Parsons,16.2,90,software development
202079,9200-2-2,Kyle Smith,33.7,100,training new hires
202060,9500-5-5,Christopher Powers,27.2,80,updating department budget
202150,9200-2-2,Mike Shannon,9.3,60,AI integration study
202127,9500-5-5,Vincent Hunt,1.7,50,system upgrade implementation
202016,9500-5-5,Deanna Russell,22.4,60,equipment maintenance
202007,9100-1-1,Jessica Garner,28.1,50,updating department budget
202026,9400-4-4,Vincent Hunt,22.6,70,training new hires
202076,9500-5-5,Christopher Powers,35.7,50,cybersecurity audit
202106,9200-2-2,Samuel Cook,32.7,70,performance review analysis
202095,9100-1-1,William Hernandez,26.0,70,training new hires
202001,9500-5-5,Deanna Russell,3.6,80,cybersecurity audit
202171,9100-1-1,Darlene Fischer,4.3,100,training new hires
202168,9500-5-5,Travis Lewis,30.2,60,training new hires
202109,9300-3-3,Abigail Contreras,10.9,50,equipment maintenance
202191,9400-4-4,Kimberly Russell,6.2,80,software development
202117,9500-5-5,Mia Davis,7.0,100,software development
202162,9300-3-3,John Adams,24.7,60,training new hires
202042,9100-1-1,Jessica Garner,6.6,70,software development
202029,9300-3-3,Travis Lewis,6.7,60,performance review analysis
202028,9300-3-3,Jessica Garner,6.7,100,updating department budget
202085,9200-2-2,Darlene Fischer,39.6,50,software development
202107,9500-5-5,William Hernandez,22.0,70,cybersecurity audit
202102,9200-2-2,Dennis Hamilton,9.3,90,AI integration study
202198,9200-2-2,Christopher Gregory,14.4,100,system upgrade implementation
202098,9400-4-4,John Allison,5.8,100,updating department budget
202091,9100-1-1,William Hernandez,3.2,60,system upgrade implementation
202121,9200-2-2,Mike Shannon,36.2,50,software development
202103,9500-5-5,Karen Gallegos,37.6,50,research into teleportation
202026,9400-4-4,Johnathan Pena,12.8,90,software development
202077,9400-4-4,Vincent Hunt,12.3,50,AI integration study
202198,9200-2-2,John Adams,14.7,70,cybersecurity audit
202148,9300-3-3,Carolyn Fleming,7.3,90,data migration project
202185,9500-5-5,Jessica Garner,37.7,90,software development
202008,9200-2-2,Karen Gallegos,15.3,100,training new hires
202198,9300-3-3,Kimberly Russell,24.7,100,performance review analysis
202082,9100-1-1,Dennis Hamilton,25.6,80,updating department budget
202161,9500-5-5,Tim Moreno,14.8,70,equipment maintenance
202104,9300-3-3,Jessica Garner,36.1,80,AI integration study
202142,9100-1-1,William Hernandez,15.4,60,research into teleportation
202033,9200-2-2,Carolyn Fleming,26.1,70,updating department budget
202078,9500-5-5,John Adams,16.9,50,cybersecurity audit
202191,9500-5-5,Christopher Powers,30.2,90,equipment maintenance
202011,9300-3-3,Christina Scott,27.6,100,training new hires
202194,9400-4-4,Jennifer Hoffman,15.9,80,data migration project
202180,9500-5-5,Teresa Solis,38.4,50,research into teleportation
202209,9100-1-1,Jessica Garner,25.7,90,research into teleportation
202165,9500-5-5,John Allison,24.7,70,updating department budget
202062,9200-2-2,David Robinson,14.9,90,equipment maintenance
202044,9500-5-5,William Hernandez,16.0,60,data migration project
202195,9500-5-5,David Robinson,28.2,100,performance review analysis
202164,9400-4-4,John Allison,38.8,60,AI integration study
202066,9500-5-5,Kyle Smith,14.2,80,performance review analysis
202101,9500-5-5,David Robinson,35.6,90,training new hires
202055,9100-1-1,Mike Shannon,15.8,50,system upgrade implementation
202035,9100-1-1,Christopher Powers,26.5,70,training new hires
202003,9300-3-3,Kyle Smith,11.0,60,updating department budget
202072,9100-1-1,Angel Parsons,27.5,50,performance review analysis
202163,9500-5-5,John Allison,29.7,100,research into teleportation
202198,9500-5-5,Darlene Fischer,6.0,90,equipment maintenance
202193,9100-1-1,Kyle Smith,11.8,100,equipment maintenance
202093,9300-3-3,Brian Wiggins,19.5,90,software development
202090,9500-5-5,William Hernandez,24.0,90,performance review analysis
202159,9100-1-1,Dennis Hamilton,6.3,60,performance review analysis
202037,9400-4-4,Kimberly Russell,9.3,50,cybersecurity audit
202011,9500-5-5,William Hernandez,34.6,60,research into teleportation
202013,9400-4-4,Christopher Gregory,20.8,80,data migration project
202199,9300-3-3,Darlene Fischer,34.6,50,cybersecurity audit
202028,9100-1-1,Angel Parsons,4.1,70,research into teleportation
202124,9500-5-5,Deanna Russell,7.3,100,equipment maintenance
202211,9400-4-4,Teresa Solis,5.0,90,system upgrade implementation
202136,9100-1-1,Christopher Gregory,15.5,100,updating department budget
202020,9100-1-1,Christina Scott,19.9,70,AI integration study
202205,9200-2-2,Angel Parsons,15.7,80,performance review analysis
202116,9300-3-3,Michael White,19.9,70,equipment maintenance
202060,9300-3-3,Carolyn Fleming,27.8,70,data migration project
202031,9100-1-1,Teresa Solis,30.5,90,updating department budget
202007,9100-1-1,Deanna Russell,6.5,50,software development
202030,9300-3-3,Christina Scott,23.1,60,AI integration study
202140,9100-1-1,Christopher Powers,31.7,70,data migration project
202190,9400-4-4,Mike Shannon,12.8,100,research into teleportation
202067,9300-3-3,Christopher Gregory,17.9,50,data migration project
202061,9200-2-2,Brian Wiggins,11.0,100,software development
202144,9500-5-5,Jessica Garner,14.0,50,training new hires
202030,9400-4-4,Karen Gallegos,1.2,80,research into teleportation
202195,9500-5-5,Carolyn Fleming,11.7,70,training new hires
202017,9200-2-2,John Allison,37.8,80,cybersecurity audit
202037,9200-2-2,Dennis Hamilton,8.2,80,updating department budget
202092,9300-3-3,Teresa Solis,12.1,70,performance review analysis
202125,9400-4-4,Abigail Contreras,30.0,50,cybersecurity audit
202070,9100-1-1,Samuel Cook,29.4,60,system upgrade implementation
202020,9500-5-5,Travis Lewis,12.7,60,data migration project
202138,9400-4-4,Carolyn Fleming,38.1,100,system upgrade implementation
202125,9500-5-5,William Hernandez,15.6,70,AI integration study
202109,9400-4-4,Tim Moreno,21.8,50,research into teleportation
202172,9400-4-4,Karen Gallegos,19.8,70,research into teleportation
202092,9200-2-2,Jennifer Sanchez,29.6,100,equipment maintenance
202113,9100-1-1,Travis Lewis,24.7,50,cybersecurity audit
202201,9200-2-2,Vincent Hunt,20.9,80,equipment maintenance
202131,9500-5-5,Tim Moreno,11.3,80,AI integration study
202124,9100-1-1,Jennifer Hoffman,17.2,90,performance review analysis
202111,9100-1-1,Jennifer Sanchez,23.0,100,training new hires
202016,9500-5-5,Jessica Garner,33.7,60,system upgrade implementation
202054,9100-1-1,Sarah Wilson,38.9,100,training new hires
202147,9400-4-4,Kimberly Russell,27.7,90,cybersecurity audit
202114,9300-3-3,John Adams,34.1,70,updating department budget
202150,9400-4-4,Sarah Wilson,36.3,70,performance review analysis
202188,9400-4-4,William Hernandez,31.3,50,data migration project
202026,9400-4-4,Mia Davis,33.9,60,data migration project
202100,9300-3-3,Jessica Garner,31.9,80,system upgrade implementation
202051,9500-5-5,William Hernandez,8.8,100,cybersecurity audit
202055,9400-4-4,John Adams,38.9,70,AI integration study
202102,9100-1-1,Karen Gallegos,39.4,90,AI integration study
202166,9200-2-2,John Allison,29.5,100,research into teleportation
202194,9300-3-3,Vincent Hunt,36.8,50,software development
202134,9100-1-1,Mike Shannon,12.5,70,data migration project
202173,9300-3-3,Kimberly Russell,3.1,50,performance review analysis
202202,9100-1-1,Samuel Cook,37.0,70,data migration project
202102,9200-2-2,Tim Moreno,38.8,50,system upgrade implementation
202151,9500-5-5,Michael White,14.0,60,data migration project
202171,9100-1-1,Christina Scott,38.2,70,training new hires
202063,9200-2-2,Christopher Powers,32.3,80,data migration project
202044,9200-2-2,Travis Lewis,11.6,90,updating department budget
202134,9300-3-3,Deanna Russell,34.6,100,software development
202126,9100-1-1,Mike Shannon,15.5,100,data migration project
202044,9500-5-5,Deanna Russell,32.7,100,system upgrade implementation
202005,9100-1-1,Tim Moreno,9.1,50,software development
202201,9300-3-3,Mia Davis,22.9,80,software development
202212,9500-5-5,Carolyn Fleming,21.2,60,software development
202161,9200-2-2,Mike Shannon,25.2,70,updating department budget
202171,9100-1-1,Christopher Gregory,11.2,50,cybersecurity audit
202197,9300-3-3,Teresa Solis,19.2,70,training new hires
202110,9400-4-4,Jennifer Hoffman,21.1,100,research into teleportation
202080,9500-5-5,Sarah Wilson,37.2,50,training new hires
202179,9300-3-3,Kyle Smith,10.8,80,data migration project
202143,9300-3-3,Karen Gallegos,6.3,50,updating department budget
202080,9400-4-4,Deanna Russell,18.6,70,performance review analysis
202200,9500-5-5,Carolyn Fleming,31.2,50,training new hires
202206,9100-1-1,Michael White,34.7,70,AI integration study
202120,9400-4-4,Deanna Russell,39.8,80,data migration project
202107,9100-1-1,Darlene Fischer,19.1,100,cybersecurity audit
202209,9100-1-1,Angel Parsons,26.2,90,AI integration study
202208,9300-3-3,Mia Davis,20.8,90,equipment maintenance
202011,9400-4-4,Christina Scott,39.6,60,updating department budget
202120,9100-1-1,Vincent Hunt,27.5,60,performance review analysis
202020,9300-3-3,John Allison,10.1,80,software development
202122,9500-5-5,Christopher Gregory,27.3,70,software development
202067,9500-5-5,Teresa Solis,30.0,100,performance review analysis
202156,9300-3-3,Christopher Gregory,27.5,80,updating department budget
202192,9500-5-5,Deanna Russell,16.0,90,equipment maintenance
202182,9500-5-5,Mia Davis,3.9,80,research into teleportation
202055,9200-2-2,Samuel Cook,17.6,80,updating department budget
202117,9500-5-5,Kyle Smith,17.4,60,performance review analysis
202040,9300-3-3,Mia Davis,37.7,90,cybersecurity audit
202099,9200-2-2,William Hernandez,36.7,80,cybersecurity audit
202141,9500-5-5,Karen Gallegos,33.6,70,data migration project
202120,9500-5-5,Johnathan Pena,19.8,70,AI integration study
202033,9500-5-5,Kyle Smith,10.0,60,data migration project
202136,9100-1-1,Christopher Gregory,13.0,50,research into teleportation
202111,9500-5-5,Johnathan Pena,7.7,60,performance review analysis
202054,9300-3-3,Jennifer Hoffman,6.0,60,software development
202088,9400-4-4,Travis Lewis,12.3,60,research into teleportation
202150,9100-1-1,David Robinson,38.1,80,system upgrade implementation
202170,9300-3-3,Jessica Garner,26.9,50,cybersecurity audit
202157,9200-2-2,Tim Moreno,25.7,50,training new hires
202141,9500-5-5,John Allison,22.7,50,updating department budget
202146,9400-4-4,Samuel Cook,2.2,90,system upgrade implementation
202123,9500-5-5,Christina Scott,18.2,90,AI integration study
202166,9100-1-1,Abigail Contreras,32.3,60,data migration project
202118,9400-4-4,Karen Gallegos,9.9,70,data migration project
202105,9200-2-2,William Hernandez,31.5,90,system upgrade implementation
202115,9400-4-4,Dennis Hamilton,16.3,100,performance review analysis
202115,9400-4-4,Kimberly Russell,32.8,70,performance review analysis
202004,9200-2-2,Mike Shannon,27.5,100,updating department budget
202162,9100-1-1,Jessica Garner,23.5,70,training new hires
202094,9200-2-2,Dennis Hamilton,19.0,90,updating department budget
202024,9200-2-2,Christopher Gregory,17.1,100,system upgrade implementation
202142,9300-3-3,Tim Moreno,1.8,50,system upgrade implementation
202040,9400-4-4,Angel Parsons,5.5,80,training new hires
202196,9300-3-3,David Robinson,37.3,50,system upgrade implementation
202175,9300-3-3,Kyle Smith,8.8,50,cybersecurity audit
202151,9300-3-3,Samuel Cook,23.5,60,research into teleportation
202133,9300-3-3,Karen Gallegos,13.3,60,equipment maintenance
202150,9300-3-3,Christopher Powers,17.6,70,software development
202133,9400-4-4,Teresa Solis,6.6,50,updating department budget
202191,9500-5-5,David Robinson,12.0,100,AI integration study
202157,9300-3-3,Brian Wiggins,2.2,70,equipment maintenance
202212,9500-5-5,David Robinson,37.6,60,research into teleportation
202187,9200-2-2,Carolyn Fleming,22.7,50,performance review analysis
202166,9500-5-5,Samuel Cook,32.3,60,data migration project
202033,9500-5-5,Tim Moreno,24.5,60,updating department budget
202052,9300-3-3,Carolyn Fleming,26.5,60,AI integration study
202066,9400-4-4,Abigail Contreras,12.5,60,system upgrade implementation
202133,9100-1-1,John Allison,17.9,90,software development
202133,9300-3-3,David Robinson,28.4,60,updating department budget
202071,9200-2-2,Christopher Powers,29.0,60,training new hires
202029,9500-5-5,Sarah Wilson,18.1,100,performance review analysis
202067,9500-5-5,David Robinson,35.9,60,AI integration study
202020,9300-3-3,Samuel Cook,1.1,50,cybersecurity audit
202109,9200-2-2,Mia Davis,3.7,80,cybersecurity audit
202139,9500-5-5,Kimberly Russell,22.7,60,cybersecurity audit
202209,9500-5-5,Samuel Cook,36.2,80,data migration project
202069,9200-2-2,Dennis Hamilton,8.1,100,data migration project
202129,9100-1-1,David Robinson,33.0,60,updating department budget
202037,9300-3-3,Vincent Hunt,23.7,80,equipment maintenance
202080,9300-3-3,Samuel Cook,22.0,80,updating department budget
202197,9100-1-1,Travis Lewis,14.8,50,updating department budget
202196,9200-2-2,Vincent Hunt,24.6,50,equipment maintenance
202163,9200-2-2,Abigail Contreras,9.9,90,performance review analysis
202109,9200-2-2,Jennifer Sanchez,34.4,80,performance review analysis
202006,9100-1-1,Deanna Russell,37.5,60,system upgrade implementation
202118,9400-4-4,David Robinson,6.8,80,system upgrade implementation
202108,9200-2-2,Angel Parsons,38.3,70,equipment maintenance
202184,9100-1-1,Jennifer Sanchez,12.1,90,system upgrade implementation
202139,9100-1-1,Mia Davis,39.4,60,software development
202153,9200-2-2,Christina Scott,17.4,90,equipment maintenance
202129,9100-1-1,Jennifer Hoffman,2.4,70,cybersecurity audit
202179,9100-1-1,Christina Scott,24.8,90,cybersecurity audit
202121,9200-2-2,Karen Gallegos,9.0,100,data migration project
202015,9400-4-4,Mia Davis,25.2,90,training new hires
202199,9200-2-2,John Allison,3.1,70,system upgrade implementation
202119,9200-2-2,Mike Shannon,15.2,70,data migration project
202166,9400-4-4,John Allison,19.6,90,equipment maintenance
202212,9300-3-3,Travis Lewis,6.2,90,equipment maintenance
202184,9400-4-4,Samuel Cook,19.4,90,updating department budget
202052,9200-2-2,Darlene Fischer,34.3,90,updating department budget
202179,9300-3-3,Mia Davis,31.1,70,equipment maintenance
202191,9100-1-1,Christopher Powers,30.9,70,data migration project
202129,9400-4-4,Brian Wiggins,31.3,80,performance review analysis
202054,9500-5-5,Johnathan Pena,29.3,100,software development
202048,9100-1-1,Vincent Hunt,14.5,50,equipment maintenance
202122,9100-1-1,Darlene Fischer,5.6,70,updating department budget
202104,9500-5-5,Kyle Smith,37.2,60,software development
202079,9100-1-1,Kyle Smith,10.3,80,updating department budget
202020,9300-3-3,Christopher Gregory,17.4,90,AI integration study
202132,9200-2-2,Karen Gallegos,27.0,50,software development
202110,9200-2-2,John Adams,35.5,100,system upgrade implementation
202130,9300-3-3,Kyle Smith,9.0,60,updating department budget
202082,9400-4-4,William Hernandez,8.1,50,software development
